Country Name,1990,2000,2012,2013,2014,2015,2016,2017,2018,2019
Afghanistan,11970,13890.00034,28799.99924,27020.00046,26760.00023,27090.00015,26889.99939,26530.00069,27690.00053,28639.99939
Albania,11100,8140.000343,8880.000114,8930.000305,9359.999657,9220.000267,9090.000153,9659.999847,9449.999809,9010.000229
Algeria,120740,162619.9951,235429.9927,240070.0073,253509.9945,263140.0146,265359.9854,268899.9939,278029.9988,282010.0098
American Samoa,..,..,..,..,..,..,..,..,..,..
Andorra,430,589.9999738,600.0000238,589.9999738,569.9999928,579.9999833,589.9999738,589.9999738,620.0000048,629.9999952
Angola,43150,57639.99939,77400.00153,81089.99634,82389.99939,87360.00061,85910.00366,81010.00214,75239.99786,79680.00031
Antigua and Barbuda,350,600.0000238,1259.99999,1049.999952,1059.999943,1090.000033,1120.000005,1149.999976,1190.000057,1220.000029
Argentina,247300,290820.0073,355299.9878,364480.011,363149.9939,370000,373329.9866,377209.9915,375100.0061,369049.9878
Armenia,24410,5989.999771,9199.999809,9140.000343,9130.000114,9159.999847,9409.999847,9250,9439.99958,9960.000038
Aruba,..,..,..,..,..,..,..,..,..,..
Australia,487000,596960.022,667440.0024,580880.0049,597270.0195,596979.9805,574450.0122,623270.0195,617390.0146,585979.9805
Austria,76610,78650.00153,78330.00183,78870.00275,75150.00153,76339.99634,76730.00336,78650.00153,75440.00244,76919.99817
Azerbaijan,75680,37740.00168,48049.99924,49259.99832,50619.99893,50520.00046,50860.00061,50240.00168,51689.99863,54799.99924
"Bahamas, The",2140,2430.000067,3839.999914,3119.999886,2819.999933,2519.999981,2359.999895,2500,3119.999886,3160.000086
Bahrain,15730,25440.00053,43130.00107,45930.00031,48029.99878,48869.99893,49349.99847,50240.00168,51159.99985,54409.99985
Bangladesh,94240,115459.9991,172839.9963,176779.9988,181850.0061,192179.9927,193960.0067,203080.0018,208000,215940.0024
Barbados,3110,3589.999914,4550.000191,3890.000105,3730.000019,3740.00001,3779.999971,3690.000057,3759.99999,3789.999962
Belarus,137860,78900.00153,89629.99725,90110.00061,89290.00092,84739.99786,83889.99939,85379.99725,88209.99908,86830.00183
Belgium,130770,138250,111910.0037,112889.9994,106510.0021,111430.0003,110379.9973,108309.9976,109059.9976,108059.9976
Belize,6540,750,1399.999976,1289.999962,1279.999971,1480.000019,1490.00001,1490.00001,1480.000019,1549.999952
Benin,4180,7030.00021,10529.99973,11159.99985,11699.99981,12119.99989,13819.99969,13970.00027,15090.00015,15020.00046
Bermuda,..,..,..,..,..,..,..,..,..,..
Bhutan,760,879.9999952,1309.999943,1340.000033,1340.000033,1389.999986,1559.999943,1610.000014,1679.999948,1679.999948
Bolivia,31220,31739.99977,52619.99893,54950.00076,56200.00076,57540.00092,59790.00092,60180.00031,60250,60790.00092
Bosnia and Herzegovina,30260,18649.99962,27389.99939,27180.00031,24670.00008,24889.99939,27469.99931,27729.99954,27750,26229.99954
Botswana,13040,13699.99981,13100.00038,14050.00019,12770.00046,12189.99958,11100.00038,14890.00034,12680.00031,11000
Brazil,590340,767750,1049939.941,1080709.961,1118099.976,1095300.049,1063569.946,1079310.059,1046579.956,1057260.01
British Virgin Islands,..,..,..,..,..,..,..,..,..,..
Brunei Darussalam,4670,6610.000134,9449.999809,9239.999771,9130.000114,8390.000343,9029.999733,9500,9810.00042,9300.000191
Bulgaria,98220,57759.99832,57110.00061,51959.99908,54540.00092,57259.99832,54189.99863,56430.00031,53229.99954,51279.99878
Burkina Faso,11990,16129.99916,25700.00076,26649.99962,27149.99962,28040.00092,29420.00008,30360.00061,31149.99962,32209.99908
Burundi,1800,1990.00001,3200.000048,3599.999905,3589.999914,3619.999886,4000,4619.999886,4869.999886,4559.999943
Cabo Verde,230,370.0000048,689.9999976,670.0000167,670.0000167,680.0000072,720.0000286,750,769.9999809,810.0000024
Cambodia,16130,19379.99916,28709.99908,28690.00053,29450.00076,31139.99939,34159.99985,36900.00153,38729.99954,40060.00137
Cameroon,19520,83519.99664,83790.00092,85419.99817,86550.00305,87949.99695,89080.00183,88959.99908,89919.99817,90120.00275
Canada,540380,644890.0146,686650.0244,698679.9927,706320.0073,704479.9805,704750,721010.0098,737989.9902,736929.9927
Cayman Islands,..,..,..,..,..,..,..,..,..,..
Central African Republic,16870,24760.00023,19920.00008,21100.00038,20649.99962,21010.00023,22860.00061,21350.00038,21909.99985,19729.99954
Chad,15410,34770.00046,57470.00122,60090.00015,62759.99832,68120.00275,72230.00336,74239.99786,78830.00183,81650.00153
Channel Islands,..,..,..,..,..,..,..,..,..,..
Chile,45260,69919.99817,100540.0009,103819.9997,96449.99695,102129.9973,106589.9963,107510.0021,107690.0024,113019.9966
China,3240290,4568810.059,11385459.96,11878030.27,11938030.27,11818469.73,11800830.08,12035269.53,12471089.84,12705089.84
Colombia,123410,139619.9951,163949.9969,170899.9939,174360.0006,175229.9957,178210.0067,173309.9976,181520.0043,187339.9963
Comoros,260,300.0000119,439.9999976,469.9999988,460.0000083,479.9999893,519.9999809,589.9999738,620.0000048,639.9999857
"Congo, Dem. Rep.",38110,34009.99832,47369.99893,50860.00061,52790.00092,52540.00092,52450.00076,55500,53900.00153,55000
"Congo, Rep.",9660,12050.00019,15460.00004,15149.99962,14560.00042,15250,14970.00027,15420.00008,18020.00046,19200.00076
Costa Rica,8520,10439.99958,13909.99985,14409.99985,14460.00004,14319.99969,15229.99954,15479.99954,15760.00023,15750
Cote d'Ivoire,9300,25870.00084,20489.99977,21979.99954,21879.99916,22649.99962,23969.99931,24350.00038,24090.00015,24860.00061
Croatia,28570,25209.99908,23889.99939,22799.99924,22000,22610.00061,22670.00008,23319.99969,22209.99908,22260.00023
Cuba,54790,43930.00031,44830.00183,45180.00031,43209.99908,45169.99817,43139.99939,41790.00092,42279.99878,41240.00168
Curacao,..,..,..,..,..,..,..,..,..,..
Cyprus,5440,8149.999619,8439.99958,7739.999771,8140.000343,8210.000038,8600.000381,8739.999771,8560.00042,8539.999962
Czechia,181960,144100.0061,127309.9976,121550.0031,118139.9994,120459.9991,122980.0034,122589.9963,121209.9991,116589.9963
Denmark,68840,69709.99908,52650.00153,54080.00183,49889.99939,47880.00107,49419.99817,47110.00061,46580.00183,43200.00076
Djibouti,910,1220.000029,1409.999967,1480.000019,1330.000043,1399.999976,1360.000014,1360.000014,1360.000014,1379.999995
Dominica,190,200.000003,310.0000024,239.9999946,250,250,250,230.0000042,230.0000042,230.0000042
Dominican Republic,15760,27149.99962,33970.00122,33740.00168,34090.00015,36490.00168,37770.00046,37020.00046,39200.00076,41319.99969
Ecuador,36940,48119.99893,70849.99847,73930.00031,75580.00183,74089.99634,72800.00305,71500,72669.99817,72529.99878
"Egypt, Arab Rep.",134060,185770.0043,308459.9915,305399.9939,311170.0134,317380.0049,325470.0012,338429.9927,344820.0073,351769.989
El Salvador,6860,10119.99989,12250,11479.99954,11779.99973,12220.00027,12250,11479.99954,11829.99992,12819.99969
Equatorial Guinea,170,6860.000134,15640.00034,14720.00027,16290.00092,14270.00046,13850.00038,12420.00008,12960.00004,11409.99985
Eritrea,3690,5550.000191,5769.999981,5840.000153,5889.999866,5929.999828,6019.999981,6090.000153,6280.00021,6329.999924
Estonia,39520,17680.00031,19659.99985,22100.00038,20750,18360.00061,18690.00053,19440.00053,18030.00069,12869.99989
Eswatini,2160,2369.999886,2390.000105,2470.000029,2480.000019,2460.000038,2539.999962,2630.000114,2680.000067,2789.999962
Ethiopia,67450,72739.99786,122610.0006,127199.9969,133500,136860.0006,142830.0018,146529.9988,148520.0043,150960.0067
Faroe Islands,..,..,..,..,..,..,..,..,..,..
Fiji,1710,1950.000048,2180.000067,2299.999952,1879.999995,2000,2140.000105,2329.999924,2299.999952,2380.000114
Finland,69660,68860.00061,61110.00061,61880.00107,57819.99969,54349.99847,57029.99878,54159.99985,55490.00168,51479.99954
France,495850,506029.9988,460299.9878,461269.989,427769.989,433220.0012,433600.0061,436179.9927,422739.9902,414040.0085
French Polynesia,..,..,..,..,..,..,..,..,..,..
Gabon,10230,13880.00011,12880.00011,13100.00038,13449.99981,13899.99962,14300.00019,12859.99966,12390.00034,13170.00008
"Gambia, The",4290,2289.999962,1980.000019,2049.999952,2190.000057,2349.999905,2240.00001,2269.999981,2130.000114,2339.999914
Georgia,49760,14250,15340.00015,16219.99931,16829.99992,17149.99962,17579.99992,17459.99908,17139.99939,17600.00038
Germany,1128090,957530.0293,863679.9927,880049.9878,839190.0024,843880.0049,846940.0024,829679.9927,800960.022,749710.022
Ghana,11900,17629.99916,28540.00092,30600.00038,30139.99939,31610.00061,32090.00015,34200.00076,35830.00183,37650.00153
Gibraltar,..,..,..,..,..,..,..,..,..,..
Greece,95220,117809.9976,100930.0003,93269.99664,90190.00244,88449.99695,87160.00366,86769.99664,84059.99756,78500
Greenland,..,..,..,..,..,..,..,..,..,..
Grenada,1840,2069.999933,2400.000095,2319.999933,2259.99999,2289.999962,2309.999943,2329.999924,2369.999886,2390.000105
Guam,..,..,..,..,..,..,..,..,..,..
Guatemala,11300,18649.99962,25620.00084,26729.99954,27930.00031,30790.00092,32340.00015,31770.00046,33759.99832,35099.99847
Guinea,8410,11470.00027,21770.00046,21840.00015,22360.00061,22850.00038,25739.99977,26299.99924,26620.00084,28329.99992
Guinea-Bissau,1420,1539.999962,2289.999962,2250,2250,2380.000114,2390.000105,2440.000057,2539.999962,2579.999924
Guyana,2610,3630.000114,4340.000153,4510.000229,4719.99979,4849.999905,4869.999886,4980.000019,5179.999828,5679.999828
Haiti,5330,7320.000172,9010.000229,9310.00042,9729.999542,10090.00015,10369.99989,10390.00034,10399.99962,10500
Honduras,11330,12539.99996,19889.99939,20409.99985,20680.00031,21229.99954,21149.99962,20930.00031,22159.99985,22389.99939
"Hong Kong SAR, China",..,..,..,..,..,..,..,..,..,..
Hungary,89100,70919.99817,57610.00061,55259.99832,55549.99924,58479.99954,58880.00107,60909.99985,61009.99832,60590.00015
Iceland,3340,3380.000114,3029.999971,3200.000048,3259.99999,3309.999943,2839.999914,2890.000105,2910.000086,2849.999905
India,1219550,1697229.98,2795860.107,2863840.088,3044959.961,3064540.039,3106340.088,3242169.922,3388909.912,3394870.117
Indonesia,476190,666469.9707,834260.0098,799099.9756,844299.9878,849510.0098,847580.0171,893590.0269,958080.0171,1002369.995
"Iran, Islamic Rep.",324620,527419.9829,793950.0122,815309.9976,844130.0049,844140.0146,880989.9902,912710.022,925520.0195,893719.9707
Iraq,120280,160809.9976,228190.0024,241800.0031,241979.9957,253929.9927,276850.0061,292609.9854,303529.9988,320820.0073
Ireland,56480,71059.99756,62310.00137,61360.00061,61529.99878,63430.00031,66000,65489.99786,63700.00076,61479.99954
Isle of Man,..,..,..,..,..,..,..,..,..,..
Israel,44110,73849.99847,95589.99634,87129.99725,85290.00092,87230.00336,86949.99695,88470.00122,84769.99664,87180.00031
Italy,483260,517320.0073,454260.0098,422299.9878,402579.9866,414250,409769.989,404500,398029.9988,389000
Jamaica,9010,11800.00019,8430.000305,8890.000343,8699.999809,8590.000153,9090.000153,8739.999771,10159.99985,9970.000267
Japan,1181920,1276560.059,1336089.966,1348189.941,1305829.956,1270469.971,1261869.995,1246640.015,1204369.995,1166510.01
Jordan,18630,20879.99916,32020.00046,32340.00015,34490.00168,34959.99908,35259.99832,37069.99969,36209.99908,36569.99969
Kazakhstan,296720,156869.9951,303250,317529.9988,268829.9866,250220.0012,259510.0098,279959.9915,278540.0085,274670.0134
Kenya,34980,35040.00092,59560.00137,61099.99847,63700.00076,65910.00366,71639.99939,68190.00244,68699.99695,81010.00214
Kiribati,40,50.00000075,79.99999821,90.00000358,90.00000358,90.00000358,100.0000015,119.9999973,119.9999973,119.9999973
"Korea, Dem. People's Rep.",154690,87209.99908,60060.00137,49240.00168,53029.99878,46869.99893,52060.00137,77150.00153,73470.00122,79339.99634
"Korea, Rep.",280750,511980.011,673010.0098,673440.0024,662919.9829,683859.9854,694679.9927,708429.9927,715500,698460.022
Kosovo,..,..,..,..,..,..,..,..,..,..
Kuwait,39060,69830.00183,117629.9973,121870.0027,121110.0006,125980.0034,131720.0012,131100.0061,133839.9963,136690.0024
Kyrgyz Republic,32480,9489.999771,16059.99947,15560.00042,16129.99916,16610.00061,16190.00053,15979.99954,18059.99947,16909.99985
Lao PDR,6790,7960.000038,13100.00038,14050.00019,14399.99962,19260.00023,26549.99924,29809.99947,29899.99962,29280.00069
Latvia,25420,10569.99969,11649.99962,11569.99969,11520.00046,11569.99969,11399.99962,11340.00015,11880.00011,11699.99981
Lebanon,7270,18920.00008,28569.99969,28549.99924,30739.99977,32880.00107,34049.99924,35930.00031,34680.00031,35209.99908
Lesotho,1940,2289.999962,2440.000057,2319.999933,2299.999952,2339.999914,2359.999895,2519.999981,2529.999971,2529.999971
Liberia,850,839.9999738,1690.000057,1659.999967,2049.999952,2240.00001,2309.999943,2190.000057,2069.999933,2220.000029
Libya,87430,110660.0037,132610.0006,114940.0024,97290.00092,90010.00214,90209.99908,112269.9966,121569.9997,126690.0024
Liechtenstein,200,219.9999988,200.000003,209.9999934,180.0000072,170.0000018,159.9999964,170.0000018,159.9999964,159.9999964
Lithuania,45070,19639.99939,19950.00076,19059.99947,18610.00061,18870.00084,18899.99962,18819.99969,18909.99985,18930.00031
Luxembourg,12190,9439.99958,11670.00008,11140.00034,10640.00034,10119.99989,9850.000381,10000,10310.00042,10479.99954
"Macao SAR, China",..,..,..,..,..,..,..,..,..,..
Madagascar,25630,26450.00076,29389.99939,28030.00069,28270.00046,28340.00015,29559.99947,28659.99985,28950.00076,29579.99992
Malawi,3180,3880.000114,6880.000114,7199.999809,7670.000076,8119.999886,8420.000076,9000,10390.00034,10949.99981
Malaysia,80380,158979.9957,258369.9951,277890.0146,292799.9878,293609.9854,293679.9927,285390.0146,302600.0061,313019.989
Maldives,200,550.0000119,1360.000014,1370.000005,1629.999995,1659.999967,2099.999905,2250,2539.999962,2599.999905
Mali,15040,21680.00031,32299.99924,33599.99847,34150.00153,35549.99924,39990.00168,40979.99954,42310.00137,44150.00153
Malta,2530,2410.000086,3170.000076,2839.999914,2859.999895,2180.000067,1879.999995,2029.999971,2039.999962,2140.000105
Marshall Islands,30,129.9999952,180.0000072,180.0000072,189.9999976,189.9999976,219.9999988,230.0000042,230.0000042,230.0000042
Mauritania,6770,9189.99958,11630.00011,11699.99981,12199.99981,13130.00011,13189.99958,13380.00011,13789.99996,14289.99996
Mauritius,2300,4309.999943,5989.999771,6119.999886,6329.999924,6380.000114,6530.00021,6730.000019,6739.999771,6849.999905
Mexico,401750,530239.9902,672119.9951,658479.9805,649409.9731,667049.9878,674000,671599.9756,654250,653869.9951
"Micronesia, Fed. Sts.",10,200.000003,200.000003,209.9999934,219.9999988,230.0000042,250,259.9999905,259.9999905,259.9999905
Moldova,38170,11409.99985,12560.00042,11689.99958,12310.00042,12550.00019,12760.00023,12750,13279.99973,13390.00034
Monaco,..,..,..,..,..,..,..,..,..,..
Mongolia,29980,29760.00023,39000,41459.99908,43919.99817,45450.00076,47860.00061,50750,52639.99939,56049.99924
Montenegro,4480,4010.000229,3750,3609.999895,3509.99999,3609.999895,3400.000095,3519.999981,3740.00001,3829.999924
Morocco,36800,49450.00076,77550.00305,78040.00092,79239.99786,81459.99908,80260.00214,84989.99786,86809.99756,93080.00183
Mozambique,18440,20049.99924,29049.99924,30569.99969,31680.00031,31309.99947,32150.00153,32750,36119.99893,35400.00153
Myanmar,55650,73489.99786,93550.00305,96730.00336,102260.0021,105680.0003,110089.9963,124349.9985,128139.9994,133250
Namibia,..,10649.99962,19190.00053,12369.99989,11619.99989,11720.00027,12300.00019,12479.99954,11609.99966,10659.99985
Nauru,130,90.00000358,50.00000075,50.00000075,59.99999866,59.99999866,70.0000003,70.0000003,70.0000003,70.0000003
Nepal,21360,26760.00023,34240.00168,34869.99893,36310.00137,36259.99832,39779.99878,42470.00122,45630.00107,44220.00122
Netherlands,202340,205960.0067,185720.0012,185389.9994,178190.0024,186449.9969,187339.9963,183350.0061,177259.9945,172229.9957
New Caledonia,..,..,..,..,..,..,..,..,..,..
New Zealand,71130,77199.99695,82180.00031,81800.00305,82330.00183,82190.00244,80809.99756,82440.00244,81809.99756,83199.99695
Nicaragua,9520,12250,16149.99962,16350.00038,17280.00069,18250,18420.00008,18270.00046,18270.00046,18799.99924
Niger,12870,19010.00023,31170.00008,32939.99863,34639.99939,35849.99847,37540.00092,38970.00122,40819.99969,42720.00122
Nigeria,219390,235929.9927,261670.0134,275380.0049,285160.0037,279339.9963,289540.0085,293790.0085,299619.9951,308179.9927
North Macedonia,13900,11710.00004,11960.00004,11069.99969,10670.00008,10420.00008,10359.99966,10880.00011,10359.99966,11250
Northern Mariana Islands,..,..,..,..,..,..,..,..,..,..
Norway,46120,47689.99863,48310.00137,49220.00122,48869.99893,49270.00046,48740.00168,47720.00122,47509.99832,45900.00153
Oman,19440,38549.99924,79519.99664,83470.00122,87040.00092,91480.00336,94730.00336,94389.99939,99519.99664,100260.0021
Pakistan,159850,232809.9976,335269.989,346880.0049,360109.9854,374510.0098,399109.9854,425920.0134,421619.9951,432500
Palau,10,230.0000042,239.9999946,250,239.9999946,230.0000042,280.0000012,289.9999917,280.0000012,289.9999917
Panama,7840,9989.999771,17260.00023,17239.99977,17670.00008,17649.99962,17860.00061,17340.00015,17500,20879.99916
Papua New Guinea,7990,13310.00042,16590.00015,17829.99992,19510.00023,21200.00076,22149.99962,22250,22510.00023,22409.99985
Paraguay,32340,30409.99985,42490.00168,43950.00076,46009.99832,46439.99863,47400.00153,49900.00153,48490.00168,49549.99924
Peru,44280,62639.99939,89720.00122,91680.00031,95440.00244,97150.00153,100069.9997,97639.99939,97889.99939,100730.0034
Philippines,95520,138710.0067,164869.9951,175789.9933,183369.9951,192300.0031,204850.0061,221059.9976,226940.0024,234279.9988
Poland,420330,354690.0024,364420.0134,358619.9951,345450.0122,348609.9854,359420.0134,372359.9854,370609.9854,353140.0146
Portugal,56210,78709.99908,65489.99786,63799.99924,63409.99985,67510.00214,66449.99695,71029.99878,66430.00031,61380.00107
Puerto Rico,..,..,..,..,..,..,..,..,..,..
Qatar,15380,38000,96610.00061,98529.99878,103589.9963,106790.0009,109370.0027,110059.9976,109180.0003,114760.0021
Romania,224030,120910.0037,108529.9988,99250,98569.99969,100849.9985,99339.99634,102120.0027,102790.0009,101239.9979
Russian Federation,3015020,2176120.117,2354330.078,2317629.883,2302340.088,2287290.039,2285750,2324570.068,2419469.971,2476840.088
Rwanda,2290,2470.000029,4230.000019,4369.999886,4400.000095,5050.000191,5050.000191,5130.000114,5260.000229,5340.000153
Samoa,330,430.0000072,529.9999714,540.0000215,560.0000024,610.0000143,670.0000167,680.0000072,680.0000072,680.0000072
San Marino,..,..,..,..,..,..,..,..,..,..
Sao Tome and Principe,60,70.0000003,150.000006,150.000006,150.000006,159.9999964,159.9999964,170.0000018,170.0000018,180.0000072
Saudi Arabia,241010,347619.9951,638880.0049,654849.9756,698289.978,731890.0146,739820.0073,729309.9976,715229.9805,723150.0244
Senegal,12680,17760.00023,22610.00061,23799.99924,24379.99916,25299.99924,27409.99985,27579.99992,27969.99931,29229.99954
Serbia,82470,60569.99969,62459.99908,63189.99863,55180.00031,61500,62959.99908,63349.99847,61590.00015,61930.00031
Seychelles,220,379.9999952,550.0000119,540.0000215,600.0000238,649.9999762,720.0000286,730.0000191,740.0000095,779.9999714
Sierra Leone,3580,2440.000057,6530.00021,6489.999771,6969.99979,6780.00021,6889.999866,6730.000019,6340.000153,6079.999924
Singapore,30910,54869.99893,58610.00061,59500,60659.99985,62380.00107,63779.99878,67559.99756,66519.99664,67230.00336
Sint Maarten (Dutch part),..,..,..,..,..,..,..,..,..,..
Slovak Republic,66670,45990.00168,39200.00076,39860.00061,37209.99908,37650.00153,38500,40430.00031,39880.00107,38060.00137
Slovenia,17300,17750,18139.99939,17510.00023,16010.00023,16100.00038,16920.00008,17100.00038,16969.99931,16459.99908
Solomon Islands,380,540.0000215,779.9999714,829.9999833,800.0000119,790.0000215,860.0000143,889.9999857,920.0000167,939.9999976
Somalia,24540,25200.00076,25450.00076,25569.99969,25709.99908,25770.00046,25659.99985,25489.99977,25450.00076,25149.99962
South Africa,331660,373950.0122,538549.9878,548349.9756,560859.9854,536119.9951,536190.0024,550700.0122,549650.0244,555429.9927
South Sudan,29020,54119.99893,52159.99985,52770.00046,54849.99847,55740.00168,56619.99893,54439.99863,57319.99969,50909.99985
Spain,275610,369369.9951,342350.0061,315989.9902,314690.0024,325279.9988,315700.0122,332220.0012,324880.0049,306950.0122
Sri Lanka,23900,20809.99947,29120.00084,26590.00015,29379.99916,33279.99878,33869.99893,34470.00122,33689.99863,35990.00168
St. Kitts and Nevis,180,280.0000012,430.0000072,319.9999928,319.9999928,330.0000131,340.0000036,340.0000036,349.999994,349.999994
St. Lucia,900,639.9999857,1059.999943,819.9999928,829.9999833,829.9999833,839.9999738,870.0000048,870.0000048,879.9999952
St. Martin (French part),..,..,..,..,..,..,..,..,..,..
St. Vincent and the Grenadines,150,239.9999946,439.9999976,310.0000024,349.999994,330.0000131,340.0000036,310.0000024,340.0000036,340.0000036
Sudan,49390,77889.99939,98239.99786,98440.00244,99529.99878,102870.0027,106120.0027,105510.0021,106250,106059.9976
Suriname,2860,2720.000029,4090.000153,3930.000067,4349.999905,4449.999809,4719.99979,4260.000229,3910.000086,4460.000038
Sweden,68650,67959.99908,54049.99924,52259.99832,50889.99939,50849.99847,50389.99939,49990.00168,47189.99863,46189.99863
Switzerland,52780,52729.99954,51909.99985,52930.00031,49119.99893,48349.99847,48849.99847,47880.00107,46610.00061,46500
Syrian Arab Republic,65020,93300.00305,77989.99786,54729.99954,49009.99832,46939.99863,47450.00076,51389.99939,48250,48479.99954
Tajikistan,17870,6619.999886,9859.999657,10279.99973,11819.99969,12420.00008,13850.00038,15260.00023,16620.00084,17510.00023
Tanzania,39830,46099.99847,73470.00122,77089.99634,78029.99878,81709.99908,81449.99695,80550.00305,81790.00092,84000
Thailand,158690,250960.0067,373850.0061,385940.0024,379980.011,385010.0098,395339.9963,402250,407140.0146,422089.9963
Timor-Leste,450,660.0000262,6909.999847,6889.999866,6849.999905,6800.000191,6639.999866,6340.000153,6090.000153,5909.999847
Togo,3560,4389.999866,6599.999905,6489.999771,6230.000019,6980.000019,7389.999866,7260.000229,7610.000134,7889.999866
Tonga,250,230.0000042,250,259.9999905,259.9999905,259.9999905,300.0000119,330.0000131,310.0000024,310.0000024
Trinidad and Tobago,20090,15189.99958,32020.00046,33000,33029.99878,32119.99893,28520.00046,28739.99977,28690.00053,28340.00015
Tunisia,21250,30040.00092,39290.00092,39080.00183,41419.99817,41729.99954,40939.99863,41209.99908,41389.99939,41590.00015
Turkiye,205440,283079.9866,408589.9963,399450.0122,424700.0122,432040.0085,459000,500910.0037,499290.0085,488470.0012
Turkmenistan,111390,88760.00214,144419.9982,151149.9939,151330.0018,155080.0018,152940.0024,152509.9945,154970.0012,157330.0018
Turks and Caicos Islands,..,..,..,..,..,..,..,..,..,..
Tuvalu,20,19.99999955,19.99999955,19.99999955,19.99999955,19.99999955,19.99999955,19.99999955,29.99999933,29.99999933
Uganda,14310,18870.00084,36060.00137,36009.99832,37060.00137,39029.99878,40259.99832,41270.00046,42840.00015,43290.00092
Ukraine,824830,365959.9915,335940.0024,331260.0098,297019.989,247550.0031,259410.0037,233339.9963,244839.9963,233259.9945
United Arab Emirates,73250,109019.9966,219589.9963,230889.9994,231800.0031,245220.0012,252919.9982,248690.0024,229380.0049,243550.0031
United Kingdom,746350,685570.0073,568539.978,551159.9731,511660.0037,496299.9878,476540.0085,461609.9854,453429.9927,440079.9866
United States,5834140,6787479.98,6011120.117,6152160.156,6197430.176,6082160.156,5974200.195,5918759.766,6121629.883,6001209.961
Uruguay,28640,32279.99878,38419.99817,37430.00031,36930.00031,36759.99832,37090.00015,36330.00183,36240.00168,36119.99893
Uzbekistan,165190,173029.9988,175020.0043,173850.0061,166110.0006,161029.9988,170889.9994,176309.9976,183809.9976,188759.9945
Vanuatu,480,569.9999928,730.0000191,730.0000191,790.0000215,769.9999809,819.9999928,810.0000024,860.0000143,870.0000048
"Venezuela, RB",251310,336619.9951,394470.0012,396489.9902,393760.0098,371119.9951,349730.011,320700.0122,293720.0012,255740.0055
Vietnam,73500,134889.9994,263500,276179.9927,291880.0049,333640.0146,334450.0122,342089.9963,398890.0146,450149.9939
Virgin Islands (U.S.),..,..,..,..,..,..,..,..,..,..
West Bank and Gaza,..,..,..,..,..,..,..,..,..,..
"Yemen, Rep.",17800,36860.00061,44500,54090.00015,52319.99969,29459.99908,23899.99962,23840.00015,23860.00061,25260.00023
Zambia,27460,24799.99924,34560.00137,35360.00061,35419.99817,36310.00137,36389.99939,36700.00076,37560.00137,37569.99969
Zimbabwe,32090,31159.99985,30719.99931,30610.00061,28899.99962,30700.00076,28530.00069,28299.99924,30829.99992,30530.00069
Africa Eastern and Southern,807000,945980.0057,1318919.992,1342549.967,1370949.982,1369670.005,1385480.007,1401180.02,1407690.028,1427180.001
Africa Western and Central,398320,569409.9903,691350.018,718839.999,738380.0041,748349.9951,781940.016,790770.0081,812779.999,833840.0007
Arab World,1115020,1611569.998,2537139.985,2562239.989,2620259.976,2685770.037,2744510.004,2796759.972,2804929.981,2881820.04
Caribbean small states,49970,44139.99984,64570.00118,63690.00046,63699.99811,62869.99881,60030.00009,59629.99977,61650.00014,62360.00042
Central Europe and the Baltics,1236190,885220.0089,847470.0108,819539.9952,798350.0118,810819.9844,821890.0127,844859.9854,836729.9833,803120.0085
Early-demographic dividend,5322980,7107519.921,10231340.07,10313800.01,10678719.91,10770330.09,10957840.09,11322529.96,11537299.97,11592670.1
East Asia & Pacific,6456020,8679210.122,16370249.95,16806330.21,16923030.22,16858459.69,16866590.1,17271069.59,17817679.9,18110159.83
East Asia & Pacific (excluding high income),4399510,6154940.035,13543419.97,14053230.26,14204830.26,14154129.75,14181900.1,14533159.57,15122209.9,15499409.81
East Asia & Pacific (IDA & IBRD countries),4244950,6067820.036,13483409.97,14004040.26,14151860.26,14107319.75,14129910.1,14456079.57,15048809.9,15420139.82
Euro area,3284240,3241180.034,2918270.003,2868889.954,2742769.988,2787649.999,2781840.007,2778239.986,2704630.013,2588930.034
Europe & Central Asia,10447660,8451510.139,8469950.068,8346249.825,8068450.078,8036450.018,8080290.04,8160960.008,8186909.966,8065980.125
Europe & Central Asia (excluding high income),5235250,3569060.092,4093800.075,4059069.9,3974390.078,3903260.049,3959510.013,4045490.048,4161479.979,4199860.094
Europe & Central Asia (IDA & IBRD countries),5908180,4069870.097,4590640.086,4539739.894,4440410.09,4375330.034,4440940.023,4543290.036,4657089.964,4676500.107
European Union,4463940,4152440.04,3763840.014,3684669.949,3537799.999,3594649.98,3599130.017,3613069.972,3529459.995,3383420.042
Fragile and conflict affected situations,1318030,1682909.985,2064480.016,2086619.998,2096050.008,2075509.992,2112970.035,2153940.001,2178410,2185330.017
Heavily indebted poor countries (HIPC),556720,754109.9929,1048150.003,1078279.991,1102329.999,1137310.003,1176060.008,1190790.007,1219960.013,1242080.013
High income,14201780,15678470.12,15393740.11,15417040,15286630.12,15260790.07,15149540.22,15145769.77,15204919.84,14884810.03
IBRD only,14286890,15745830.09,26277100.08,26882410.15,27196090.25,27098389.87,27241300.15,27864709.57,28674409.79,29068580.01
IDA & IBRD total,15799060,17646160.08,28717750.09,29372860.15,29736730.25,29679469.87,29925840.15,30631839.6,31500209.79,31959650.02
IDA blend,654140,822979.987,992070.0085,1019770.012,1037689.994,1049070.007,1099149.995,1132300.02,1147999.984,1185649.993
IDA only,858030,1077349.995,1448580,1470679.994,1502950,1532009.996,1585390.006,1634830.008,1677800.015,1705420.013
IDA total,1512170,1900329.982,2440650.008,2490450.007,2540639.994,2581080.003,2684540.001,2767130.028,2825799.998,2891070.007
Late-demographic dividend,9299270,9801150.169,17966259.99,18519410.12,18573990.33,18492509.81,18509870.06,18871539.65,19441179.8,19844109.95
Latin America & Caribbean,2014010,2536689.981,3287879.926,3335359.94,3365919.952,3361890.019,3331139.952,3309290.043,3247209.969,3237159.99
Latin America & Caribbean (excluding high income),1655090,2065789.99,2695089.925,2738999.951,2780149.946,2794430.03,2783749.944,2790990.026,2754949.963,2774539.99
Latin America & the Caribbean (IDA & IBRD countries),1953970,2486739.981,3234659.924,3283169.94,3316159.953,3310460.021,3281859.953,3261310.042,3198049.97,3188969.988
Least developed countries: UN classification,740300,952209.9916,1336320.005,1380949.99,1416880.003,1447889.998,1495590.009,1532260.009,1565790.01,1593780.013
Low & middle income,14981590,16811140.08,27740800.08,28396670.17,28787070.23,28737529.89,28997570.14,29740069.6,30634159.8,31147070
Low income,649080,738599.9992,913740,906059.9979,922879.9934,914000.005,944830.0104,983690.0015,999310.014,1012720.004
Lower middle income,4481480,5369199.913,7664890.126,7791960.066,8106289.943,8207850.102,8400300.1,8701649.976,9050799.947,9203050.071
Middle East & North Africa,1405320,2102669.98,3294089.995,3331339.981,3414639.984,3477070.051,3568839.989,3654999.993,3671149.996,3718720.014
Middle East & North Africa (excluding high income),954810,1397949.988,1999970.001,2005830.006,2036630.005,2037430.025,2102099.981,2200709.987,2246030.021,2256579.98
Middle East & North Africa (IDA & IBRD countries),954810,1397949.988,1999970.001,2005830.006,2036630.005,2037430.025,2102099.981,2200709.987,2246030.021,2256579.98
Middle income,14332510,16072540.08,26827060.08,27490610.17,27864190.23,27823529.89,28052740.13,28756379.6,29634849.78,30134350
North America,6374520,7432369.995,6697770.142,6850840.149,6903750.183,6786640.137,6678950.195,6639769.775,6859619.873,6738139.954
Not classified,..,..,..,..,..,..,..,..,..,..
OECD members,14177550,15729590.1,15145680.1,15125930.01,14961370.13,14898910.04,14800160.22,14838359.74,14913059.88,14551209.99
Other small states,129730,168000.0005,275960.002,275549.9994,281979.9965,280930.0008,284550.003,289459.9995,285660.002,286010.0011
Pacific island small states,3390,4440.00008,5240.000032,5459.999971,5110.000014,5250.000015,5730.000142,6029.999916,6059.999986,6180.00011
Post-demographic dividend,13948730,14770950.12,13837090.1,13830800.04,13636020.12,13489590.06,13344660.21,13311549.77,13414799.87,13060959.98
Pre-demographic dividend,862450,1144779.985,1492140.022,1544179.995,1576749.997,1615019.996,1682380.022,1698810.003,1737379.996,1787710.007
Small states,183090,216580.0004,345770.0033,344699.9998,350789.9946,349049.9997,350310.0032,355119.9992,353370.0022,354550.0016
South Asia,1531830,2108389.977,3398800.094,3478690.091,3682339.953,3730910.039,3803610.077,3978499.94,4129759.907,4156440.122
South Asia (IDA & IBRD),1531830,2108389.977,3398800.094,3478690.091,3682339.953,3730910.039,3803610.077,3978499.94,4129759.907,4156440.122
Sub-Saharan Africa,1205320,1515389.996,2010270.01,2061389.966,2109329.986,2118020,2167420.023,2191950.028,2220470.027,2261020.002
Sub-Saharan Africa (excluding high income),1205100,1515009.996,2009720.01,2060849.966,2108729.986,2117370,2166700.023,2191220.028,2219730.027,2260240.002
Sub-Saharan Africa (IDA & IBRD countries),1205320,1515389.996,2010270.01,2061389.966,2109329.986,2118020,2167420.023,2191950.028,2220470.027,2261020.002
Upper middle income,9851030,10703340.17,19162169.95,19698650.11,19757900.29,19615679.79,19652440.03,20054729.62,20584049.83,20931299.93
World,29434680,32826230.19,43529010.18,44210200.16,44467460.35,44369439.95,44496840.37,45206539.38,46132799.64,46287620.03
